stableKey,as3Name,sourceKind,sourcePath,sourcePackage,symbolId,scope,usage,status,confidence,nextAction,note
pet-skill.monkey1.normal,PetMonkey1Bullet1,restored-swf,local-resources/regima/source/restored-swfs/assets/20120203.swf,assets/20120203.swf,241,effect,monkey1 verified normal hit1 effect at frame-count 10,ready,confirmed,none,TASK-SETTINGS-207 freezes the normal attack emit and collision contract; TASK-SLICE-208 consumes the 193A terminal effect frames in the shared formal runtime.
pet-skill.monkey2.normal,PetMonkey2Bullet1,restored-swf,local-resources/regima/source/restored-swfs/assets/20120203.swf,assets/20120203.swf,212,effect,monkey2 verified normal hit1 effect at frame-count 8,ready,confirmed,none,TASK-SETTINGS-207 freezes the normal attack emit and ObjectBaseSprite4 collision contract; TASK-SLICE-208 consumes the 193A terminal effect frames in the shared formal runtime.
pet-skill.monkey3.normal,PetMonkey3Bullet1,restored-swf,local-resources/regima/source/restored-swfs/assets/20120203.swf,assets/20120203.swf,200,effect,monkey3 verified normal hit1 effect at frame-count 8,ready,confirmed,none,TASK-SETTINGS-207 freezes the normal attack emit and ObjectBaseSprite collision contract; TASK-SLICE-208 consumes the 193A terminal effect frames in the shared formal runtime.
pet-skill.monkey4.normal,PetMonkey3Bullet1,restored-swf,local-resources/regima/source/restored-swfs/assets/20120203.swf;local-resources/regima/source/restored-swfs/assets/pet1.swf,assets/20120203.swf,200,effect,monkey4 verified normal hit1 reuse at frame-count 8,ready,confirmed,none,TASK-SETTINGS-207 freezes the form4 reuse and damage owner; TASK-SLICE-208 consumes the 193A monkey4-normal placement with the shared terminal effect frames.
pet-skill.monkey1.xj,PetMonkey1Bullet2,restored-swf,local-resources/regima/source/restored-swfs/assets/20120203.swf;local-resources/regima/source/restored-swfs/assets/pet1.swf,assets/20120203.swf,229,effect,monkey1 xj 16-frame looping projectile,ready,confirmed,none,TASK-SETTINGS-193A verified patch owner registration emit matrix and four-second lifecycle; pair implementation is TASK-SLICE-193B. TASK-SLICE-193B now consumes this verified visual in the shared monkey runtime.
pet-skill.monkey2.lj,PetMonkey2Bullet2_1;PetMonkey2Bullet2_2,restored-swf,local-resources/regima/source/restored-swfs/assets/20120203.swf;local-resources/regima/source/restored-swfs/assets/pet1.swf,assets/20120203.swf,207;208,effect,monkey2 lj two-stage 4+5 frame effect,ready,confirmed,none,TASK-SETTINGS-193A requires both prelude and damage objects; pair implementation is TASK-SLICE-193B. TASK-SLICE-193B now consumes this verified visual in the shared monkey runtime.
pet-skill.monkey2.xj,PetMonkey1Bullet2,restored-swf,local-resources/regima/source/restored-swfs/assets/20120203.swf;local-resources/regima/source/restored-swfs/assets/pet1.swf,assets/20120203.swf,229,effect,monkey2 xj reuses monkey1 16-frame projectile,ready,confirmed,none,TASK-SETTINGS-193A disproves the modern PetMonkey2Bullet3 source name; pair implementation must reuse PetMonkey1Bullet2. TASK-SLICE-193B now consumes this verified visual in the shared monkey runtime.
pet-skill.monkey3.lyq,PetMonkey3Bullet2,restored-swf,local-resources/regima/source/restored-swfs/assets/20120203.swf;local-resources/regima/source/restored-swfs/assets/pet1.swf,assets/20120203.swf,192,effect,monkey3 and monkey4 lyq 25-frame projectile,ready,confirmed,none,TASK-SETTINGS-193A verified patch owner registration emit matrix and last-frame destruction. TASK-SLICE-193B now consumes this verified visual in the shared monkey runtime.
pet-skill.monkey3.xj,PetMonkey1Bullet2,restored-swf,local-resources/regima/source/restored-swfs/assets/20120203.swf;local-resources/regima/source/restored-swfs/assets/pet1.swf,assets/20120203.swf,229,effect,monkey3 and monkey4 xj reuse monkey1 projectile,ready,confirmed,none,TASK-SETTINGS-193A verifies shared visual owner with form-specific emit offsets. TASK-SLICE-193B now consumes this verified visual in the shared monkey runtime.
pet-skill.monkey3.lj,PetMonkey3Bullet3_1;PetMonkey3Bullet3_2,restored-swf,local-resources/regima/source/restored-swfs/assets/20120203.swf;local-resources/regima/source/restored-swfs/assets/pet1.swf,assets/20120203.swf,136;137,effect,monkey3 and monkey4 lj prelude plus damage stage,ready,confirmed,none,TASK-SETTINGS-193A requires disabled behind-pet prelude and visible damage stage; modern single-stage projection is incomplete. TASK-SLICE-193B now consumes this verified visual in the shared monkey runtime.
pet-skill.monkey4.jgaoyi,PetMonkeyBmd4,restored-swf,local-resources/regima/source/restored-swfs/assets/pet1.swf,assets/pet1.swf,20,effect,monkey4 jgaoyi body hit5 row8,ready,confirmed,none,TASK-SETTINGS-193A confirms no independent projectile visual; TASK-SLICE-193B must consume the body action. TASK-SLICE-193B now consumes this verified visual in the shared monkey runtime.
pet-skill.horse1.sp,PetHorse1Bullet2;PetHorse3Bullet3,restored-swf,local-resources/regima/source/restored-swfs/assets/20120203.swf;local-resources/regima/source/restored-swfs/assets/pet1.swf,assets/20120203.swf,124;88,effect,horse1/2 sp 8-frame PetHorse1Bullet2 and horse3/4 sp 8-frame PetHorse3Bullet3,ready,confirmed,none,"TASK-SETTINGS-193C verified both patch objects, form-specific emit matrices, horse1-only following behavior, last-frame lifecycle and the horse1 hit2 ice effect. TASK-SLICE-193D now consumes this verified visual in the shared horse runtime; gameplay gates remain with the existing pet/projectile owner."
pet-skill.horse2.bd,PetHorse2Bullet2;PetHorse3Bullet2,restored-swf,local-resources/regima/source/restored-swfs/assets/20120203.swf;local-resources/regima/source/restored-swfs/assets/pet1.swf,assets/20120203.swf,101;93,effect,horse2 45-frame PetHorse2Bullet2 and horse3/4 15-frame PetHorse3Bullet2 plus shared ice effect,ready,confirmed,none,"TASK-SETTINGS-193C verified both form owners, following behavior, emit matrices and frameClips*2 ice pause. TASK-SLICE-193D now consumes this verified visual in the shared horse runtime; gameplay gates remain with the existing pet/projectile owner."
pet-skill.horse3.bz,PetHorse3Bullet4,restored-swf,local-resources/regima/source/restored-swfs/assets/20120203.swf;local-resources/regima/source/restored-swfs/assets/pet1.swf,assets/20120203.swf,82,effect,horse3/4 bz 31-frame projectile,ready,confirmed,none,"TASK-SETTINGS-193C verified patch owner, emit matrix and last-frame lifecycle. TASK-SLICE-193D now consumes this verified visual in the shared horse runtime; gameplay gates remain with the existing pet/projectile owner."
pet-skill.horse4.tmaoyi,PetHorse4Bullet5,restored-swf,local-resources/regima/source/restored-swfs/assets/pet1.swf,assets/pet1.swf,699,effect,horse4 tmaoyi 8-frame nested falling loop,ready,confirmed,none,"TASK-SETTINGS-193C verified per-monster spawn, optional homing, 2000-distance and frameClips*10 lifetime. TASK-SLICE-193D now consumes this verified visual in the shared horse runtime; gameplay gates remain with the existing pet/projectile owner."
pet-skill.horse4.tmaoyi.explode,PetHorse4Bullet5Explode,restored-swf,local-resources/regima/source/restored-swfs/assets/pet1.swf,assets/pet1.swf,695,effect,horse4 tmaoyi 30-frame explosion,ready,confirmed,none,"TASK-SETTINGS-193C verified impact spawn, bz gate, optional one-second bd delay and last-frame lifecycle. TASK-SLICE-193D now consumes this verified visual in the shared horse runtime; gameplay gates remain with the existing pet/projectile owner."
pet-skill.dragon1.fs,PetDragonBmd1,restored-swf,local-resources/regima/source/restored-swfs/assets/pet1.swf,assets/pet1.swf,9,effect,dragon1 translucent body clone,export-ready,confirmed,export-selectively,TASK-SETTINGS-213 verified clone appearance and lifecycle; modern visibility remains placeholder or absent until TASK-SLICE-214.
pet-skill.dragon2.sdcc,PetDragon2Bullet2,restored-swf,local-resources/regima/source/restored-swfs/assets/pet1.swf,assets/pet1.swf,563,effect,dragon2 sdcc projectile,export-ready,confirmed,export-selectively,TASK-SETTINGS-213 verified projectile frames and hit/heal lifecycle; modern visibility remains placeholder or absent until TASK-SLICE-214.
pet-skill.dragon3.ltwj,PetDragon3Bullet3,restored-swf,local-resources/regima/source/restored-swfs/assets/pet1.swf,assets/pet1.swf,603,effect,dragon3 ltwj projectile,export-ready,confirmed,export-selectively,TASK-SETTINGS-213 verified the five-wave nine-object sequence and hit/heal lifecycle; modern visibility remains placeholder or absent until TASK-SLICE-214.
pet-skill.dragon4.qlaoyi,PetDragonBullet4,restored-swf,local-resources/regima/source/restored-swfs/assets/pet1.swf,assets/pet1.swf,539,effect,dragon4 ultimate trigger object,export-ready,confirmed,export-selectively,TASK-SETTINGS-213 verified the four-tick clone/trigger/skill chain and gate-only MP rule; modern visibility remains placeholder or absent until TASK-SLICE-214.
pet-skill.turtle1.sld,PetTurtle1Bullet2,restored-swf,local-resources/regima/source/restored-swfs/assets/pet1.swf,assets/pet1.swf,504,effect,turtle1 sld projectile,export-ready,confirmed,export-selectively,turtle family is partitioned to TASK-SETTINGS-193I; modern visibility remains placeholder or absent until its paired implementation task.
pet-skill.turtle2.txlj,PetTurtle2Buff,restored-swf,local-resources/regima/source/restored-swfs/assets/pet1.swf,assets/pet1.swf,507,effect,turtle2 owner/pet link effect,export-ready,confirmed,export-selectively,turtle family is partitioned to TASK-SETTINGS-193I; modern visibility remains placeholder or absent until its paired implementation task.
pet-skill.turtle3.sybh,PetTurtle3Bullet3,restored-swf,local-resources/regima/source/restored-swfs/assets/pet1.swf,assets/pet1.swf,534,effect,turtle3 sybh area object,export-ready,confirmed,export-selectively,turtle family is partitioned to TASK-SETTINGS-193I; modern visibility remains placeholder or absent until its paired implementation task.
pet-skill.turtle4.xwaoyi,PetTurtleBmd4;PetTurtle3Bullet3,restored-swf,local-resources/regima/source/restored-swfs/assets/20120808.swf;local-resources/regima/source/restored-swfs/assets/pet1.swf,assets/20120808.swf;assets/pet1.swf,15;534,effect,turtle4 body hit5 plus reused area object,export-ready,confirmed,export-selectively,turtle family is partitioned to TASK-SETTINGS-193I; modern visibility remains placeholder or absent until its paired implementation task.
pet-skill.ufo1.pms,PetKabu1Bullet2,restored-swf,local-resources/regima/source/restored-swfs/assets/20120203.swf;local-resources/regima/source/restored-swfs/assets/pet1.swf,assets/20120203.swf,283,effect,ufo1 pms projectile,export-ready,confirmed,export-selectively,ufo family is partitioned to TASK-SETTINGS-193E; modern visibility remains placeholder or absent until its paired implementation task.
pet-skill.ufo2.ss,PetKabuBmd2,restored-swf,local-resources/regima/source/restored-swfs/assets/20120203.swf;local-resources/regima/source/restored-swfs/assets/pet1.swf,assets/20120203.swf,6,effect,ufo2 teleport and body normal-attack continuation,export-ready,confirmed,export-selectively,ufo family is partitioned to TASK-SETTINGS-193E; modern visibility remains placeholder or absent until its paired implementation task.
pet-skill.ufo3.kmsk,PetKabu3Bullet4,restored-swf,local-resources/regima/source/restored-swfs/assets/20120203.swf;local-resources/regima/source/restored-swfs/assets/pet1.swf,assets/20120203.swf,272,effect,ufo3 kmsk area object,export-ready,confirmed,export-selectively,ufo family is partitioned to TASK-SETTINGS-193E; modern visibility remains placeholder or absent until its paired implementation task.
pet-skill.tigress.hy,PetTiger1Bullet2,restored-swf,local-resources/regima/source/restored-swfs/assets/20120203.swf,assets/20120203.swf,343,effect,tigress hy projectile,export-ready,confirmed,export-selectively,tigress family is partitioned to TASK-SETTINGS-193G; modern visibility remains placeholder or absent until its paired implementation task.
pet-skill.tigress.sxhz,PetTiger2Bullet3_1;PetTiger2Bullet3_2,restored-swf,local-resources/regima/source/restored-swfs/assets/20120203.swf,assets/20120203.swf,332;298,effect,tigress sxhz two-stage object,export-ready,confirmed,export-selectively,tigress family is partitioned to TASK-SETTINGS-193G; modern visibility remains placeholder or absent until its paired implementation task.
pet-skill.tigress.hsqj,PetTiger3Bullet4_1;PetTiger3Bullet4_2,restored-swf,local-resources/regima/source/restored-swfs/assets/20120203.swf,assets/20120203.swf,370;366,effect,tigress hsqj prelude and damage stage,export-ready,confirmed,export-selectively,tigress family is partitioned to TASK-SETTINGS-193G; modern visibility remains placeholder or absent until its paired implementation task.
pet-skill.tigress.bhaoyi,PetTigerBmd4;PetTiger1Bullet2;PetTiger2Bullet3_1;PetTiger2Bullet3_2;PetTiger3Bullet4_1;PetTiger3Bullet4_2,restored-swf,local-resources/regima/source/restored-swfs/assets/pet1.swf;local-resources/regima/source/restored-swfs/assets/20120203.swf,assets/pet1.swf;assets/20120203.swf,18;343;332;298;370;366,effect,tigress body teleport/combo and reused skills,export-ready,confirmed,export-selectively,tigress family is partitioned to TASK-SETTINGS-193G; modern visibility remains placeholder or absent until its paired implementation task.
pet-skill.phoenix.np,PetPhoenixBmd1;PetPhoenixBmd2;PetPhoenixBmd3;PetPhoenixBmd4;PetPhoenix1Bullet2_1;PetPhoenix1Bullet2_2,restored-swf,local-resources/regima/source/restored-swfs/assets/pet1.swf,assets/pet1.swf,12;17;8;24;69;93,effect,phoenix transformation and rebirth feedback,export-ready,confirmed,export-selectively,phoenix family is partitioned to TASK-SETTINGS-193K; modern visibility remains placeholder or absent until its paired implementation task.
pet-skill.phoenix.bshn,PetPhoenix2Bullet3,restored-swf,local-resources/regima/source/restored-swfs/assets/pet1.swf,assets/pet1.swf,100,effect,phoenix bshn projectile,export-ready,confirmed,export-selectively,phoenix family is partitioned to TASK-SETTINGS-193K; modern visibility remains placeholder or absent until its paired implementation task.
pet-skill.phoenix.dhly,PetPhoenix3Bullet4,restored-swf,local-resources/regima/source/restored-swfs/assets/pet1.swf,assets/pet1.swf,49,effect,phoenix dhly area object,export-ready,confirmed,export-selectively,phoenix family is partitioned to TASK-SETTINGS-193K; modern visibility remains placeholder or absent until its paired implementation task.
pet-skill.phoenix.zqaoyi,PetPhoenixBmd4;PetPhoenix4Bullet3_2;PetPhoenix4Bullet5;PetPhoenix4Bullet6,restored-swf,local-resources/regima/source/restored-swfs/assets/pet1.swf,assets/pet1.swf,24;118;144;104,effect,phoenix ultimate body and combo objects,export-ready,confirmed,export-selectively,phoenix family is partitioned to TASK-SETTINGS-193K; modern visibility remains placeholder or absent until its paired implementation task.
pet-skill.rabbit.yg,Monster130Bullet2,restored-swf,local-resources/regima/source/restored-swfs/assets/pet1.swf,assets/pet1.swf,338,effect,rabbit moonlight proc object,export-ready,confirmed,export-selectively,rabbit family is partitioned to TASK-SETTINGS-193O; modern visibility remains placeholder or absent until its paired implementation task.
pet-skill.rabbit.jf,PetPetRabbitBulletBuff;PetPetRabbitJFBuff,restored-swf,local-resources/regima/source/restored-swfs/assets/pet1.swf,assets/pet1.swf,254;189,effect,rabbit attack/dodge buff feedback,export-ready,confirmed,export-selectively,rabbit family is partitioned to TASK-SETTINGS-193O; modern visibility remains placeholder or absent until its paired implementation task.
pet-skill.rabbit.bs,PetPetRabbitBullet4,restored-swf,local-resources/regima/source/restored-swfs/assets/pet1.swf,assets/pet1.swf,228,effect,rabbit ice projectile,export-ready,confirmed,export-selectively,rabbit family is partitioned to TASK-SETTINGS-193O; modern visibility remains placeholder or absent until its paired implementation task.
pet-skill.rabbit.ysaoyi,PetPetRabbitBmd4;petRabbit4AoyiBuff,restored-swf,local-resources/regima/source/restored-swfs/assets/pet1.swf,assets/pet1.swf,331;353,effect,rabbit ultimate body and moon field,export-ready,confirmed,export-selectively,rabbit family is partitioned to TASK-SETTINGS-193O; modern visibility remains placeholder or absent until its paired implementation task.
pet-skill.mouse.sc,PetMouse1Bullet1;PetMouse1Bullet2,restored-swf,local-resources/regima/source/restored-swfs/assets/mouse.swf,assets/mouse.swf,67;63,effect,mouse rush and bite objects,export-ready,confirmed,export-selectively,mouse family is partitioned to TASK-SETTINGS-193Q; modern visibility remains placeholder or absent until its paired implementation task.
pet-skill.mouse.hxfb,PetMouse1Bullet3,restored-swf,local-resources/regima/source/restored-swfs/assets/mouse.swf,assets/mouse.swf,17,effect,mouse returning-dart object,export-ready,confirmed,export-selectively,mouse family is partitioned to TASK-SETTINGS-193Q; modern visibility remains placeholder or absent until its paired implementation task.
pet-skill.mouse.zsaoyi,PetMouseBmd2;PetMouse1Bullet1;PetMouse1Bullet2;PetMouse1Bullet3,restored-swf,local-resources/regima/source/restored-swfs/assets/mouse.swf,assets/mouse.swf,51;67;63;17,effect,mouse ultimate body and reused combo objects,export-ready,confirmed,export-selectively,mouse family is partitioned to TASK-SETTINGS-193Q; modern visibility remains placeholder or absent until its paired implementation task.
